filename,class00%,prob00%,class10%,prob10%,class20%,prob20%,class30%,prob30%,class40%,prob40%,class50%,prob50%,class60%,prob60%,class70%,prob70%,class80%,prob80%,class90%,prob90%,class100%,prob100%
63.jpg,zebra,0.9831570982933044,zebra,0.83931565284729,zebra,0.8200479745864868,zebra,0.2553779184818268,stole,0.1394248604774475,"prayer rug, prayer mat",0.3433057069778442,"prayer rug, prayer mat",0.1726216226816177,"prayer rug, prayer mat",0.1846178770065307,"prayer rug, prayer mat",0.1764911860227584,"prayer rug, prayer mat",0.1575164943933487,"prayer rug, prayer mat",0.1354933977127075
77.jpg,zebra,0.967194676399231,zebra,0.9635812640190125,zebra,0.940977156162262,zebra,0.9641805291175842,zebra,0.7472063899040222,zebra,0.6523003578186035,zebra,0.2231541275978088,brain coral,0.1721673756837844,poncho,0.109033815562725,"dishrag, dishcloth",0.0321993865072727,"dishrag, dishcloth",0.0315707698464393
88.jpg,zebra,0.926995038986206,zebra,0.6492120027542114,lionfish,0.105375200510025,window screen,0.1818365603685379,window screen,0.2394256740808487,window screen,0.2167035490274429,"prayer rug, prayer mat",0.2067067474126815,"prayer rug, prayer mat",0.200059488415718,"prayer rug, prayer mat",0.1854489147663116,"prayer rug, prayer mat",0.2077909708023071,"prayer rug, prayer mat",0.1951416283845901
89.jpg,zebra,0.6590752005577087,"barrow, garden cart, lawn cart, wheelbarrow",0.0540749989449977,window screen,0.1984395682811737,window screen,0.2762436270713806,window screen,0.4856287240982055,"prayer rug, prayer mat",0.296826958656311,"prayer rug, prayer mat",0.3520649671554565,"prayer rug, prayer mat",0.1329940110445022,"prayer rug, prayer mat",0.1664136350154876,window screen,0.1490181237459182,"prayer rug, prayer mat",0.1491804271936416
76.jpg,zebra,0.901037335395813,zebra,0.9112032055854796,zebra,0.94148850440979,zebra,0.8371451497077942,zebra,0.6379281282424927,zebra,0.282910406589508,zebra,0.1963813751935959,poncho,0.0539813861250877,mitten,0.0465861484408378,"dishrag, dishcloth",0.0368821397423744,"doormat, welcome mat",0.0405926369130611
62.jpg,zebra,0.9353840947151184,zebra,0.958454966545105,zebra,0.7934912443161011,zebra,0.256085067987442,sock,0.0530571788549423,stole,0.0945745930075645,"dishrag, dishcloth",0.2343482971191406,"dishrag, dishcloth",0.1532849222421646,"dishrag, dishcloth",0.1183696389198303,"dishrag, dishcloth",0.1317577809095382,"dishrag, dishcloth",0.1786097437143325
74.jpg,zebra,0.983540952205658,zebra,0.9885661005973816,zebra,0.97111177444458,zebra,0.9548072218894958,zebra,0.917778253555298,zebra,0.4236012697219848,"Gila monster, Heloderma suspectum",0.1114968359470367,window screen,0.0256631411612033,"dishrag, dishcloth",0.0386236533522605,window screen,0.0367195941507816,"dishrag, dishcloth",0.0413246117532253
60.jpg,zebra,0.9605815410614014,zebra,0.922559380531311,zebra,0.7751322388648987,zebra,0.4788859486579895,zebra,0.3698351979255676,tiger cat,0.1576659977436065,"electric ray, crampfish, numbfish, torpedo",0.0616242960095405,"dishrag, dishcloth",0.2547748684883117,window screen,0.0572001934051513,"doormat, welcome mat",0.1080061718821525,"dishrag, dishcloth",0.127126008272171
48.jpg,zebra,0.9101165533065796,zebra,0.911457657814026,zebra,0.9364861249923706,zebra,0.931395709514618,zebra,0.9207112193107604,zebra,0.7856466770172119,zebra,0.1882748901844024,poncho,0.1305430680513382,poncho,0.0545589849352836,"doormat, welcome mat",0.0345688983798027,"doormat, welcome mat",0.0370833575725555
49.jpg,zebra,0.943375051021576,zebra,0.6965911388397217,zebra,0.0936821773648262,window screen,0.0343300774693489,window screen,0.2157723903656005,window screen,0.3782508373260498,"prayer rug, prayer mat",0.21749247610569,"prayer rug, prayer mat",0.1817908585071563,"prayer rug, prayer mat",0.1524277627468109,"prayer rug, prayer mat",0.1874427199363708,"prayer rug, prayer mat",0.2022208869457245
61.jpg,zebra,0.9728536009788512,zebra,0.8076404929161072,zebra,0.1896808594465255,window screen,0.1463038325309753,window screen,0.1247635185718536,window screen,0.1279463469982147,"prayer rug, prayer mat",0.3183865249156952,"prayer rug, prayer mat",0.119415208697319,"prayer rug, prayer mat",0.2140615880489349,"prayer rug, prayer mat",0.2815081477165222,"prayer rug, prayer mat",0.2025265544652938
75.jpg,zebra,0.6648613810539246,brain coral,0.2574382424354553,brain coral,0.637590229511261,brain coral,0.1267335414886474,mitten,0.0780052542686462,window screen,0.123355858027935,window screen,0.1025276780128479,"handkerchief, hankie, hanky, hankey",0.1236398220062255,"handkerchief, hankie, hanky, hankey",0.1273309588432312,"prayer rug, prayer mat",0.189361110329628,"prayer rug, prayer mat",0.1982927322387695
59.jpg,zebra,0.9705613255500792,zebra,0.827593207359314,zebra,0.6105259656906128,zebra,0.3734090030193329,zebra,0.3128853142261505,ski mask,0.1661596596240997,ski mask,0.2257880121469497,velvet,0.2341815531253814,velvet,0.158787801861763,poncho,0.0950393006205558,"dishrag, dishcloth",0.0918725878000259
71.jpg,zebra,0.6377667784690857,tiger cat,0.0472797639667987,window screen,0.1138244494795799,"jean, blue jean, denim",0.0855108126997947,window screen,0.1947839707136154,"prayer rug, prayer mat",0.1667235344648361,window screen,0.257318764925003,window screen,0.272669643163681,"prayer rug, prayer mat",0.1745908856391906,"prayer rug, prayer mat",0.1770438104867935,"prayer rug, prayer mat",0.228513091802597
65.jpg,zebra,0.9255180954933168,zebra,0.4417881071567535,tiger cat,0.0765245556831359,window screen,0.0598942339420318,window screen,0.4079790711402893,"prayer rug, prayer mat",0.3297867774963379,window screen,0.2025655657052993,"prayer rug, prayer mat",0.2492546439170837,"prayer rug, prayer mat",0.1837848871946334,"prayer rug, prayer mat",0.2894083261489868,"prayer rug, prayer mat",0.2031725943088531
64.jpg,zebra,0.9456530213356018,zebra,0.3733830749988556,jigsaw puzzle,0.1272008270025253,"prayer rug, prayer mat",0.2461393475532531,"prayer rug, prayer mat",0.280777245759964,"prayer rug, prayer mat",0.2335070967674255,"prayer rug, prayer mat",0.264852225780487,"prayer rug, prayer mat",0.2755953371524811,"prayer rug, prayer mat",0.1764715909957885,"prayer rug, prayer mat",0.1631814390420913,"prayer rug, prayer mat",0.2066074162721634
70.jpg,zebra,0.4374141693115234,"Gila monster, Heloderma suspectum",0.3075431883335113,armadillo,0.1714369505643844,"fire screen, fireguard",0.1057340502738952,"prayer rug, prayer mat",0.2314255088567733,"prayer rug, prayer mat",0.2331805080175399,"prayer rug, prayer mat",0.1744322478771209,"prayer rug, prayer mat",0.2071849703788757,"prayer rug, prayer mat",0.1656253188848495,window screen,0.138616144657135,"prayer rug, prayer mat",0.1462027132511139
58.jpg,zebra,0.9806000590324402,zebra,0.6333907842636108,"maze, labyrinth",0.5532663464546204,"maze, labyrinth",0.3594586849212646,window screen,0.0544807016849517,window screen,0.1030400469899177,"handkerchief, hankie, hanky, hankey",0.1710415184497833,window screen,0.168964684009552,"prayer rug, prayer mat",0.1415940374135971,"prayer rug, prayer mat",0.227704644203186,"prayer rug, prayer mat",0.2633148431777954
8.jpg,zebra,0.897963285446167,zebra,0.2569142580032348,zebra,0.1935863345861435,sea snake,0.0691647678613662,window screen,0.2557952105998993,window screen,0.2649998664855957,window screen,0.2392580211162567,"prayer rug, prayer mat",0.1417606920003891,"prayer rug, prayer mat",0.1613972336053848,"prayer rug, prayer mat",0.1221531257033348,"prayer rug, prayer mat",0.1678197383880615
66.jpg,zebra,0.930682897567749,zebra,0.6569417119026184,zebra,0.1973509788513183,zebra,0.0745725259184837,window screen,0.0755143389105796,window screen,0.2185629606246948,window screen,0.3644666075706482,window screen,0.2256260365247726,window screen,0.1250525563955307,"prayer rug, prayer mat",0.1785253584384918,"prayer rug, prayer mat",0.2868867218494415
72.jpg,zebra,0.9486169219017028,zebra,0.6316152811050415,zebra,0.1808841079473495,zebra,0.0616242177784442,trilobite,0.2070407271385193,cardigan,0.1005155369639396,cardigan,0.3604886829853058,stole,0.2012787461280822,stole,0.2256375700235366,stole,0.1626911461353302,stole,0.1021295487880706
99.jpg,zebra,0.8613568544387817,zebra,0.7193006873130798,zebra,0.6421666145324707,tiger cat,0.1245679631829261,window screen,0.18292036652565,window screen,0.3633677959442138,window screen,0.1166028827428817,"prayer rug, prayer mat",0.2458028197288513,"prayer rug, prayer mat",0.1930745542049408,"prayer rug, prayer mat",0.285486102104187,"prayer rug, prayer mat",0.3180398046970367
98.jpg,zebra,0.983308970928192,zebra,0.9910112619400024,zebra,0.9287440180778505,zebra,0.2465333789587021,"prayer rug, prayer mat",0.2623762786388397,stole,0.0850073024630546,"prayer rug, prayer mat",0.1195544973015785,"prayer rug, prayer mat",0.3577713370323181,"prayer rug, prayer mat",0.2649171948432922,"prayer rug, prayer mat",0.1709103137254715,"prayer rug, prayer mat",0.139794647693634
73.jpg,zebra,0.9301870465278624,"swab, swob, mop",0.1897355318069458,window screen,0.0623106285929679,window screen,0.190662994980812,window screen,0.3057408034801483,window screen,0.2836634814739227,"prayer rug, prayer mat",0.2938990890979767,"prayer rug, prayer mat",0.2196201086044311,"prayer rug, prayer mat",0.2223617881536483,"prayer rug, prayer mat",0.1407957673072815,"prayer rug, prayer mat",0.1415670663118362
67.jpg,zebra,0.8817176818847656,zebra,0.602582573890686,"maze, labyrinth",0.2584691047668457,"dishrag, dishcloth",0.0557423941791057,stole,0.1081794798374176,stole,0.1688170433044433,"dishrag, dishcloth",0.1511234492063522,stole,0.1260245591402053,"prayer rug, prayer mat",0.2630393803119659,"prayer rug, prayer mat",0.2600439786911011,"prayer rug, prayer mat",0.1632573306560516
9.jpg,zebra,0.9061283469200134,zebra,0.2863219976425171,zebra,0.0778571963310241,"jean, blue jean, denim",0.0766754448413848,window screen,0.0907100215554237,stole,0.1319687664508819,"handkerchief, hankie, hanky, hankey",0.1050907224416732,"prayer rug, prayer mat",0.1124001443386077,"prayer rug, prayer mat",0.1667077839374542,"prayer rug, prayer mat",0.1566314697265625,"prayer rug, prayer mat",0.26404869556427
14.jpg,zebra,0.955887734889984,zebra,0.7563058137893677,"prayer rug, prayer mat",0.218996062874794,"prayer rug, prayer mat",0.3219053447246551,"prayer rug, prayer mat",0.6161040663719177,"prayer rug, prayer mat",0.331734150648117,"prayer rug, prayer mat",0.2051514238119125,"prayer rug, prayer mat",0.165350005030632,"prayer rug, prayer mat",0.2731969058513641,"prayer rug, prayer mat",0.2201106995344162,"prayer rug, prayer mat",0.2735109031200409
28.jpg,zebra,0.9563788175582886,chainlink fence,0.2132157981395721,"prayer rug, prayer mat",0.3558723628520965,"prayer rug, prayer mat",0.4709418416023254,"prayer rug, prayer mat",0.4710542857646942,"prayer rug, prayer mat",0.2841585576534271,"prayer rug, prayer mat",0.3464846611022949,"prayer rug, prayer mat",0.4382553994655609,"prayer rug, prayer mat",0.2530697286128998,"prayer rug, prayer mat",0.2095166146755218,window screen,0.1013258770108223
101.jpg,zebra,0.5623907446861267,zebra,0.2989291250705719,"leatherback turtle, leatherback, leathery turtle, Dermochelys coriacea",0.1079820170998573,"chain mail, ring mail, mail, chain armor, chain armour, ring armor, ring armour",0.042181596159935,window screen,0.1693354099988937,window screen,0.1363801956176757,"prayer rug, prayer mat",0.3070175647735595,"prayer rug, prayer mat",0.2745048999786377,"prayer rug, prayer mat",0.2450685501098632,"prayer rug, prayer mat",0.1230736598372459,"prayer rug, prayer mat",0.1628979295492172
115.jpg,zebra,0.985537886619568,zebra,0.9367250800132751,zebra,0.3774651885032654,"dishrag, dishcloth",0.1125529110431671,"dishrag, dishcloth",0.1727825999259948,"dishrag, dishcloth",0.5512043237686157,"dishrag, dishcloth",0.4678820669651031,"dishrag, dishcloth",0.1448913812637329,"dishrag, dishcloth",0.3528167307376861,"prayer rug, prayer mat",0.1231029331684112,"dishrag, dishcloth",0.4541133642196655
114.jpg,zebra,0.9233227372169496,zebra,0.3612197935581207,zebra,0.195841908454895,velvet,0.275810956954956,window screen,0.1360139697790146,window screen,0.2399691194295883,window screen,0.1224848479032516,window screen,0.1347536146640777,"prayer rug, prayer mat",0.1928555965423584,"prayer rug, prayer mat",0.136881336569786,"prayer rug, prayer mat",0.1473933309316635
100.jpg,zebra,0.9385511875152588,zebra,0.5411757230758667,"spider web, spider's web",0.1542324125766754,window screen,0.1052682548761367,window screen,0.3128419816493988,window screen,0.2440491318702697,"prayer rug, prayer mat",0.1447825282812118,window screen,0.2269261479377746,"prayer rug, prayer mat",0.1601142734289169,"prayer rug, prayer mat",0.1928942948579788,window screen,0.1300198882818222
29.jpg,zebra,0.872234582901001,zebra,0.8992322087287903,zebra,0.3803796470165252,"prayer rug, prayer mat",0.0744339525699615,window screen,0.0777013748884201,pillow,0.069990150630474,"prayer rug, prayer mat",0.0836282968521118,window screen,0.132742241024971,"prayer rug, prayer mat",0.1158404797315597,"prayer rug, prayer mat",0.2548134624958038,"prayer rug, prayer mat",0.1469199061393737
15.jpg,zebra,0.9687312245368958,zebra,0.3817277252674103,"doormat, welcome mat",0.2324535697698593,"doormat, welcome mat",0.0869375988841056,"prayer rug, prayer mat",0.1687261462211609,"prayer rug, prayer mat",0.171625554561615,"prayer rug, prayer mat",0.2082136869430542,window screen,0.2186157405376434,"prayer rug, prayer mat",0.1898547708988189,"prayer rug, prayer mat",0.1989402323961258,"prayer rug, prayer mat",0.1364157944917678
17.jpg,zebra,0.7878285646438599,zebra,0.630790650844574,zebra,0.0538317784667015,stole,0.1257301568984985,"prayer rug, prayer mat",0.2716998755931854,window screen,0.2918870747089386,"prayer rug, prayer mat",0.2293305844068527,"prayer rug, prayer mat",0.3595263063907623,"prayer rug, prayer mat",0.3277419507503509,"prayer rug, prayer mat",0.1802543848752975,"prayer rug, prayer mat",0.1338972449302673
116.jpg,zebra,0.9260324835777284,zebra,0.4107146263122558,"cheetah, chetah, Acinonyx jubatus",0.1600305438041687,"fire screen, fireguard",0.0873960629105568,window screen,0.2945750057697296,window screen,0.2300889790058136,"prayer rug, prayer mat",0.3472164869308471,"prayer rug, prayer mat",0.2710404396057129,"prayer rug, prayer mat",0.1860444694757461,"prayer rug, prayer mat",0.2841536998748779,"prayer rug, prayer mat",0.2179294228553772
102.jpg,zebra,0.5455871820449829,zebra,0.392930269241333,shower curtain,0.1410799473524093,shower curtain,0.4062455892562866,window screen,0.3168915212154388,"prayer rug, prayer mat",0.225698173046112,"prayer rug, prayer mat",0.2014666199684143,"prayer rug, prayer mat",0.2127356827259063,"prayer rug, prayer mat",0.2438152432441711,"prayer rug, prayer mat",0.1383605450391769,"prayer rug, prayer mat",0.2107917964458465
103.jpg,zebra,0.9845128655433656,zebra,0.4815292954444885,zebra,0.2477337568998336,tiger cat,0.0804213732481002,window screen,0.193119928240776,window screen,0.3846782147884369,window screen,0.1111537367105484,"prayer rug, prayer mat",0.2110024988651275,window screen,0.1921475827693939,"prayer rug, prayer mat",0.1498048901557922,"prayer rug, prayer mat",0.23890221118927
117.jpg,zebra,0.8127053380012512,zebra,0.4799882769584656,zebra,0.4877144694328308,trilobite,0.0965386182069778,window screen,0.3369245529174804,window screen,0.3312293589115143,window screen,0.243806853890419,"prayer rug, prayer mat",0.1650583893060684,"prayer rug, prayer mat",0.2265608310699463,"prayer rug, prayer mat",0.1562537848949432,"prayer rug, prayer mat",0.1253985315561294
16.jpg,zebra,0.9428371787071228,zebra,0.3902242481708526,"hyena, hyaena",0.0711961165070533,"fire screen, fireguard",0.1274485439062118,window screen,0.1986687928438186,"prayer rug, prayer mat",0.4556563198566437,"prayer rug, prayer mat",0.1516109406948089,"prayer rug, prayer mat",0.2289889007806778,"prayer rug, prayer mat",0.1509817093610763,"prayer rug, prayer mat",0.1937672793865203,"prayer rug, prayer mat",0.1477742940187454
12.jpg,zebra,0.9640364050865172,zebra,0.9169323444366456,zebra,0.9010040163993835,zebra,0.4186179339885711,window screen,0.1252460330724716,window screen,0.1578783392906189,window screen,0.2598263025283813,window screen,0.52348393201828,window screen,0.1932853460311889,"prayer rug, prayer mat",0.2093452662229538,"prayer rug, prayer mat",0.1671637445688247
113.jpg,zebra,0.8764985203742981,zebra,0.7843188643455505,zebra,0.2312241047620773,window screen,0.1501788049936294,window screen,0.1276845633983612,window screen,0.110932171344757,window screen,0.2083164751529693,"prayer rug, prayer mat",0.1440991461277008,"prayer rug, prayer mat",0.1895932555198669,"prayer rug, prayer mat",0.2131466418504715,"prayer rug, prayer mat",0.1740551888942718
107.jpg,zebra,0.9207725524902344,zebra,0.0897856801748275,tiger cat,0.0590191632509231,window screen,0.2090090811252594,window screen,0.4067883789539337,window screen,0.2806939482688904,"prayer rug, prayer mat",0.2637891173362732,window screen,0.2709014117717743,"prayer rug, prayer mat",0.3331621289253235,window screen,0.1894591450691223,"prayer rug, prayer mat",0.3209945857524872
106.jpg,zebra,0.8959437012672424,zebra,0.6426954865455627,zebra,0.1439958214759826,stole,0.1042305305600166,stole,0.1209749057888984,stole,0.1950114220380783,"prayer rug, prayer mat",0.144693836569786,"prayer rug, prayer mat",0.1674681603908538,"prayer rug, prayer mat",0.1588671505451202,"prayer rug, prayer mat",0.1811650395393371,"prayer rug, prayer mat",0.1808020025491714
112.jpg,zebra,0.5000781416893005,zebra,0.096752755343914,zebra,0.1242835223674774,"spiny lobster, langouste, rock lobster, crawfish, crayfish, sea crawfish",0.0521679855883121,chainlink fence,0.3128567039966583,"prayer rug, prayer mat",0.1301278173923492,"prayer rug, prayer mat",0.2349207401275634,stole,0.1555802524089813,"prayer rug, prayer mat",0.279644101858139,window screen,0.1804441511631012,"prayer rug, prayer mat",0.1370298564434051
13.jpg,zebra,0.893144428730011,zebra,0.894461989402771,zebra,0.8531893491744995,zebra,0.6918168663978577,zebra,0.521985650062561,"maze, labyrinth",0.4217133522033691,"maze, labyrinth",0.3798374831676483,"maze, labyrinth",0.1633966416120529,"maze, labyrinth",0.0895453318953514,hay,0.1034128591418266,"doormat, welcome mat",0.0414086431264877
39.jpg,zebra,0.922097146511078,zebra,0.9031902551651,zebra,0.5355231165885925,zebra,0.1613584011793136,poncho,0.0568419471383094,window screen,0.095528058707714,"prayer rug, prayer mat",0.1718019396066665,"prayer rug, prayer mat",0.2203967273235321,"prayer rug, prayer mat",0.2070172429084777,"prayer rug, prayer mat",0.1169575229287147,"prayer rug, prayer mat",0.182562455534935
11.jpg,zebra,0.984913170337677,zebra,0.7738515734672546,zebra,0.1639957278966903,chainlink fence,0.0882554650306701,window screen,0.095541313290596,window screen,0.171931117773056,"prayer rug, prayer mat",0.2540290355682373,"prayer rug, prayer mat",0.2658724188804626,"prayer rug, prayer mat",0.1118999570608139,"prayer rug, prayer mat",0.1921278089284896,"prayer rug, prayer mat",0.217692956328392
104.jpg,zebra,0.9558464884757996,zebra,0.7911139130592346,zebra,0.1423242688179016,window screen,0.2008518874645233,"prayer rug, prayer mat",0.1862661987543106,"prayer rug, prayer mat",0.1908701062202453,"prayer rug, prayer mat",0.1234762966632843,"prayer rug, prayer mat",0.1588455587625503,"prayer rug, prayer mat",0.2973489463329315,"prayer rug, prayer mat",0.1577445119619369,"prayer rug, prayer mat",0.0948205739259719
110.jpg,zebra,0.9512568116188048,zebra,0.8458993434906006,zebra,0.3246999084949493,zebra,0.0985689014196395,window screen,0.1643048822879791,window screen,0.3140836954116821,window screen,0.1472210437059402,window screen,0.205859437584877,"prayer rug, prayer mat",0.2593345046043396,"prayer rug, prayer mat",0.1263759136199951,"prayer rug, prayer mat",0.1624733954668045
111.jpg,zebra,0.9907434582710266,zebra,0.9788217544555664,"prayer rug, prayer mat",0.0526785813271999,"prayer rug, prayer mat",0.2263904362916946,"prayer rug, prayer mat",0.2688861489295959,"prayer rug, prayer mat",0.251055896282196,"prayer rug, prayer mat",0.27088662981987,"prayer rug, prayer mat",0.3040073812007904,"prayer rug, prayer mat",0.107623852789402,"prayer rug, prayer mat",0.1702262014150619,"prayer rug, prayer mat",0.2209215313196182
105.jpg,zebra,0.960353136062622,zebra,0.9712897539138794,zebra,0.9733614325523376,zebra,0.9610770344734192,zebra,0.7318705320358276,zebra,0.4683489203453064,sea snake,0.1209625378251075,"dishrag, dishcloth",0.0513709150254726,"dishrag, dishcloth",0.0336573421955108,"doormat, welcome mat",0.0406293720006942,"dishrag, dishcloth",0.0701893866062164
10.jpg,zebra,0.9497725963592528,"maze, labyrinth",0.1440416574478149,"maze, labyrinth",0.10344859957695,velvet,0.2289659678936004,velvet,0.15220308303833,window screen,0.0913254544138908,"handkerchief, hankie, hanky, hankey",0.0766296982765197,stole,0.1535879522562027,"prayer rug, prayer mat",0.1619736701250076,"prayer rug, prayer mat",0.2192261964082718,"prayer rug, prayer mat",0.2262339144945144
38.jpg,zebra,0.23261159658432,scabbard,0.0274337138980627,"prayer rug, prayer mat",0.1904299557209015,"prayer rug, prayer mat",0.2088565677404403,"prayer rug, prayer mat",0.2297668308019638,"prayer rug, prayer mat",0.4140355587005615,"prayer rug, prayer mat",0.2226245552301406,"prayer rug, prayer mat",0.2597059905529022,"prayer rug, prayer mat",0.2074028104543686,"prayer rug, prayer mat",0.1940102279186248,"prayer rug, prayer mat",0.1662236452102661
21.jpg,zebra,0.9850937128067015,zebra,0.920940637588501,zebra,0.4873211681842804,stole,0.220850870013237,stole,0.1447948664426803,stole,0.1981835514307022,stole,0.1654750704765319,stole,0.131845623254776,"prayer rug, prayer mat",0.1129116937518119,"prayer rug, prayer mat",0.2485425472259521,"prayer rug, prayer mat",0.2973997890949249
35.jpg,zebra,0.9709364175796508,zebra,0.1647346168756485,"spider web, spider's web",0.0704148039221763,mosquito net,0.1817970871925354,window screen,0.2376473397016525,window screen,0.3894423544406891,window screen,0.2810708284378052,"prayer rug, prayer mat",0.1483778804540634,"prayer rug, prayer mat",0.1741223037242889,"prayer rug, prayer mat",0.1544842571020126,"prayer rug, prayer mat",0.2479670941829681
108.jpg,zebra,0.9534664154052734,chainlink fence,0.1568115651607513,window screen,0.2846266031265259,window screen,0.3819310367107391,"prayer rug, prayer mat",0.2495531141757965,window screen,0.218310609459877,"prayer rug, prayer mat",0.160759761929512,"prayer rug, prayer mat",0.2141947001218795,"prayer rug, prayer mat",0.1720329672098159,"prayer rug, prayer mat",0.3384563028812408,window screen,0.1214579790830612
109.jpg,zebra,0.9743666648864746,zebra,0.9656907916069032,zebra,0.938154637813568,zebra,0.9087642431259156,zebra,0.6430610418319702,zebra,0.5421243906021118,zebra,0.0993183553218841,centipede,0.1377618908882141,stingray,0.0526191070675849,"dishrag, dishcloth",0.0475379861891269,"doormat, welcome mat",0.0470869541168212
34.jpg,zebra,0.9945673942565918,zebra,0.9685699343681335,zebra,0.7936573028564453,zebra,0.1762593388557434,"dishrag, dishcloth",0.1285889744758606,"dishrag, dishcloth",0.1696599423885345,"dishrag, dishcloth",0.1999801844358444,"prayer rug, prayer mat",0.1462895423173904,"prayer rug, prayer mat",0.1986862123012542,"prayer rug, prayer mat",0.1531116366386413,"prayer rug, prayer mat",0.2654378712177276
20.jpg,zebra,0.9565179347991944,zebra,0.9452706575393676,zebra,0.2397990971803665,"fire screen, fireguard",0.1838958859443664,"dishrag, dishcloth",0.3405071496963501,"prayer rug, prayer mat",0.2422548234462738,"prayer rug, prayer mat",0.1858676970005035,"prayer rug, prayer mat",0.3581231236457824,"prayer rug, prayer mat",0.319121241569519,"prayer rug, prayer mat",0.2007684707641601,"prayer rug, prayer mat",0.2321097552776336
36.jpg,zebra,0.7884476184844971,zebra,0.4253430962562561,zebra,0.0601407103240489,window screen,0.1690921634435653,window screen,0.1353480815887451,"prayer rug, prayer mat",0.1577345877885818,"prayer rug, prayer mat",0.1802368462085724,"prayer rug, prayer mat",0.1850151568651199,"prayer rug, prayer mat",0.2590152025222778,"prayer rug, prayer mat",0.1306715458631515,"prayer rug, prayer mat",0.1174139380455017
22.jpg,zebra,0.9306607842445374,zebra,0.9605404138565063,zebra,0.6916752457618713,"prayer rug, prayer mat",0.1257350742816925,window screen,0.2632843554019928,stole,0.1243198588490486,window screen,0.1582977175712585,"prayer rug, prayer mat",0.2296859323978424,"prayer rug, prayer mat",0.4104902148246765,"prayer rug, prayer mat",0.1939391493797302,"prayer rug, prayer mat",0.2564337849617004
23.jpg,zebra,0.980105459690094,zebra,0.9322782754898072,zebra,0.5933220386505127,velvet,0.0601119399070739,"prayer rug, prayer mat",0.0809326693415641,"prayer rug, prayer mat",0.1569930911064148,window screen,0.1361275911331176,"prayer rug, prayer mat",0.2838464677333832,"prayer rug, prayer mat",0.1757445782423019,"prayer rug, prayer mat",0.1475512981414795,"prayer rug, prayer mat",0.1598721295595169
37.jpg,zebra,0.9251526594161988,zebra,0.5652461647987366,zebra,0.1093154549598693,pillow,0.1093203052878379,"prayer rug, prayer mat",0.1867357939481735,"prayer rug, prayer mat",0.1483512669801712,"prayer rug, prayer mat",0.1987430602312088,"prayer rug, prayer mat",0.2588534653186798,"prayer rug, prayer mat",0.1431178897619247,"prayer rug, prayer mat",0.2531575560569763,"prayer rug, prayer mat",0.1553098708391189
33.jpg,zebra,0.9648697972297668,zebra,0.7846135497093201,zebra,0.4945578277111053,brain coral,0.264500230550766,velvet,0.2637244760990143,velvet,0.1112040802836418,velvet,0.1147618070244789,window screen,0.1601800322532653,"prayer rug, prayer mat",0.1719369739294052,"prayer rug, prayer mat",0.2390161156654358,"prayer rug, prayer mat",0.1487519890069961
27.jpg,zebra,0.9593125581741332,zebra,0.9384708404541016,zebra,0.9331690073013306,zebra,0.8460416793823242,zebra,0.9032507538795472,zebra,0.2897789180278778,zebra,0.254534512758255,"chain mail, ring mail, mail, chain armor, chain armour, ring armor, ring armour",0.1432571709156036,"dishrag, dishcloth",0.1158494651317596,"doormat, welcome mat",0.0391620323061943,"dishrag, dishcloth",0.0737209394574165
26.jpg,zebra,0.8785931468009949,zebra,0.5451276898384094,window screen,0.132261037826538,window screen,0.2972418367862701,window screen,0.1648606210947036,"prayer rug, prayer mat",0.1395708322525024,"prayer rug, prayer mat",0.1173363849520683,"prayer rug, prayer mat",0.2487540394067764,"prayer rug, prayer mat",0.1443696767091751,"prayer rug, prayer mat",0.1471359133720398,"prayer rug, prayer mat",0.1157177090644836
32.jpg,zebra,0.922248899936676,zebra,0.3070393800735473,cardigan,0.2551776468753814,cardigan,0.2431731522083282,"chain mail, ring mail, mail, chain armor, chain armour, ring armor, ring armour",0.1097677275538444,stole,0.1019292026758194,window screen,0.1384381204843521,"prayer rug, prayer mat",0.1659855991601944,"prayer rug, prayer mat",0.1249859929084777,"prayer rug, prayer mat",0.3077194988727569,"prayer rug, prayer mat",0.1513435393571853
18.jpg,zebra,0.8965780138969421,zebra,0.5360137224197388,zebra,0.2834494411945343,zebra,0.06593769043684,"prayer rug, prayer mat",0.0926855579018592,"dishrag, dishcloth",0.1507593691349029,"prayer rug, prayer mat",0.2846896946430206,"prayer rug, prayer mat",0.2187438011169433,"prayer rug, prayer mat",0.2176981419324875,"prayer rug, prayer mat",0.2306088209152221,"prayer rug, prayer mat",0.2714213728904724
24.jpg,zebra,0.9550256133079528,zebra,0.7108245491981506,zebra,0.781380295753479,zebra,0.163496658205986,"prayer rug, prayer mat",0.0904436260461807,"prayer rug, prayer mat",0.1633921563625335,stole,0.1206633374094963,window screen,0.2274203449487686,"prayer rug, prayer mat",0.2682057917118072,"prayer rug, prayer mat",0.1321660727262497,"prayer rug, prayer mat",0.1388643234968185
30.jpg,zebra,0.7385221719741821,zebra,0.5527331829071045,zebra,0.369581013917923,tiger cat,0.2442056536674499,stole,0.0961325615644455,"prayer rug, prayer mat",0.1771864891052246,"prayer rug, prayer mat",0.2978768348693847,"prayer rug, prayer mat",0.176696628332138,"prayer rug, prayer mat",0.1977053582668304,"prayer rug, prayer mat",0.1924461424350738,"prayer rug, prayer mat",0.1886130720376968
119.jpg,zebra,0.9398576021194458,zebra,0.7018750905990601,zebra,0.8238990306854248,zebra,0.3313641250133514,"prayer rug, prayer mat",0.1658297181129455,stole,0.1358097791671753,"prayer rug, prayer mat",0.279961884021759,"prayer rug, prayer mat",0.4020797610282898,"prayer rug, prayer mat",0.3193964660167694,"prayer rug, prayer mat",0.2571405172348022,"prayer rug, prayer mat",0.1304611265659332
118.jpg,zebra,0.958219587802887,zebra,0.703391969203949,zebra,0.5110832452774048,zebra,0.1063695549964904,stole,0.2434813976287841,window screen,0.18146613240242,window screen,0.302102655172348,window screen,0.1632475405931472,"prayer rug, prayer mat",0.1553587317466735,"prayer rug, prayer mat",0.227850005030632,"prayer rug, prayer mat",0.2912037968635559
31.jpg,zebra,0.9643625617027284,zebra,0.7934551239013672,zebra,0.3959847092628479,"dishrag, dishcloth",0.0683627426624298,"prayer rug, prayer mat",0.2895998060703277,"prayer rug, prayer mat",0.2879760861396789,"prayer rug, prayer mat",0.3546343147754669,"prayer rug, prayer mat",0.2665707468986511,"prayer rug, prayer mat",0.2945557832717895,"prayer rug, prayer mat",0.2739694118499756,"prayer rug, prayer mat",0.2271575927734375
25.jpg,zebra,0.981618583202362,zebra,0.9055320620536804,zebra,0.1275390982627868,stole,0.0800531283020973,window screen,0.2827260196208954,window screen,0.3111988306045532,window screen,0.3031804263591766,"prayer rug, prayer mat",0.2499526292085647,"prayer rug, prayer mat",0.3454316258430481,"prayer rug, prayer mat",0.1914125978946685,"prayer rug, prayer mat",0.1642042994499206
19.jpg,zebra,0.8586151003837585,zebra,0.7448126673698425,window screen,0.1410144567489624,"prayer rug, prayer mat",0.2582506537437439,window screen,0.2905155122280121,"prayer rug, prayer mat",0.1604892164468765,window screen,0.1604931056499481,"prayer rug, prayer mat",0.2150520831346511,"prayer rug, prayer mat",0.1748089343309402,"prayer rug, prayer mat",0.1845144182443618,"prayer rug, prayer mat",0.1352940648794174
42.jpg,zebra,0.9273144602775574,zebra,0.6183250546455383,zebra,0.1291775554418563,"maze, labyrinth",0.1631560027599334,stole,0.173699602484703,"dishrag, dishcloth",0.1458912640810012,stole,0.1241188943386077,"prayer rug, prayer mat",0.1724170446395874,"prayer rug, prayer mat",0.2657772898674011,"prayer rug, prayer mat",0.1428525894880294,"prayer rug, prayer mat",0.2409146577119827
4.jpg,zebra,0.9822110533714294,zebra,0.8989865779876709,zebra,0.5058818459510803,zebra,0.191443845629692,brain coral,0.0867741256952285,stole,0.3301284909248352,"dishrag, dishcloth",0.272123783826828,"dishrag, dishcloth",0.2365699857473373,"dishrag, dishcloth",0.2550158202648163,"dishrag, dishcloth",0.2133993506431579,"dishrag, dishcloth",0.1400641351938247
56.jpg,zebra,0.6509753465652466,"snow leopard, ounce, Panthera uncia",0.2690656185150146,window screen,0.2154437154531479,window screen,0.3650086522102356,window screen,0.1536747068166732,window screen,0.1974732279777526,"prayer rug, prayer mat",0.4442861676216125,"prayer rug, prayer mat",0.235151782631874,"prayer rug, prayer mat",0.231604978442192,"prayer rug, prayer mat",0.2321754395961761,"prayer rug, prayer mat",0.1893566697835922
81.jpg,zebra,0.9933140873908995,zebra,0.96673184633255,zebra,0.5877914428710938,zebra,0.1331941485404968,"prayer rug, prayer mat",0.1436601132154464,"prayer rug, prayer mat",0.2072920203208923,"prayer rug, prayer mat",0.3176195621490478,"prayer rug, prayer mat",0.2827819287776947,"prayer rug, prayer mat",0.1586411744356155,"prayer rug, prayer mat",0.1382389217615127,"prayer rug, prayer mat",0.2182347178459167
95.jpg,zebra,0.9787525534629822,zebra,0.6484710574150085,zebra,0.2090593576431274,poncho,0.0863618552684784,window screen,0.1879976838827133,window screen,0.3489770889282226,window screen,0.351152092218399,window screen,0.222815454006195,"prayer rug, prayer mat",0.2601141929626465,"prayer rug, prayer mat",0.2604555189609527,"prayer rug, prayer mat",0.1846172362565994
94.jpg,zebra,0.8010572791099548,zebra,0.5615445375442505,zebra,0.1373826116323471,"prayer rug, prayer mat",0.3947103321552276,"prayer rug, prayer mat",0.4561189711093902,"prayer rug, prayer mat",0.3790673613548279,"prayer rug, prayer mat",0.3728898465633392,"prayer rug, prayer mat",0.3317351341247558,"prayer rug, prayer mat",0.4351924061775207,"prayer rug, prayer mat",0.2350943982601165,"prayer rug, prayer mat",0.1800189018249511
80.jpg,zebra,0.9836928248405457,zebra,0.9225306510925292,"maze, labyrinth",0.2449890077114105,"prayer rug, prayer mat",0.6148626804351807,"prayer rug, prayer mat",0.4078772366046905,"prayer rug, prayer mat",0.3308662474155426,"prayer rug, prayer mat",0.1954710185527801,"prayer rug, prayer mat",0.2140081971883773,"prayer rug, prayer mat",0.2006076872348785,"prayer rug, prayer mat",0.1339100003242492,"prayer rug, prayer mat",0.1894331872463226
5.jpg,zebra,0.9870722889900208,zebra,0.9307711124420166,"prayer rug, prayer mat",0.4065684080123901,"prayer rug, prayer mat",0.3592999875545501,"prayer rug, prayer mat",0.3370903730392456,"prayer rug, prayer mat",0.2250328660011291,"prayer rug, prayer mat",0.2750653028488159,"prayer rug, prayer mat",0.183323472738266,"prayer rug, prayer mat",0.2199681401252746,"prayer rug, prayer mat",0.2210377752780914,"prayer rug, prayer mat",0.1422277390956878
57.jpg,zebra,0.9921687245368958,zebra,0.5556384921073914,cardigan,0.1197755932807922,"chain mail, ring mail, mail, chain armor, chain armour, ring armor, ring armour",0.1403227597475052,"dishrag, dishcloth",0.1763082146644592,stole,0.231422871351242,"prayer rug, prayer mat",0.1964858621358871,"prayer rug, prayer mat",0.1857839226722717,"prayer rug, prayer mat",0.245376244187355,"prayer rug, prayer mat",0.2611986696720123,"prayer rug, prayer mat",0.0979708954691886
43.jpg,zebra,0.89927077293396,zebra,0.8593151569366455,zebra,0.2003864347934723,pillow,0.0491697452962398,pillow,0.1104800030589103,pillow,0.1184848621487617,velvet,0.0925269722938537,window screen,0.2708739936351776,"prayer rug, prayer mat",0.1935690939426422,"prayer rug, prayer mat",0.1509986668825149,"prayer rug, prayer mat",0.2030073553323745
55.jpg,zebra,0.9307209849357604,zebra,0.8487969636917114,zebra,0.4071317315101623,stole,0.1788262724876403,"dishrag, dishcloth",0.2640470266342163,"prayer rug, prayer mat",0.3261148333549499,"prayer rug, prayer mat",0.1640277057886123,"prayer rug, prayer mat",0.1938152611255645,"prayer rug, prayer mat",0.2362052649259567,"prayer rug, prayer mat",0.1452402770519256,"prayer rug, prayer mat",0.1719356328248977
7.jpg,zebra,0.8120898604393005,zebra,0.7408141493797302,zebra,0.2731497585773468,window screen,0.083771675825119,window screen,0.3516194224357605,window screen,0.2472136914730072,window screen,0.2259596139192581,"prayer rug, prayer mat",0.1709054261445999,"prayer rug, prayer mat",0.2435470819473266,"prayer rug, prayer mat",0.1630078256130218,"prayer rug, prayer mat",0.1467154622077942
41.jpg,zebra,0.980960249900818,zebra,0.9706258773803712,zebra,0.756049633026123,"cheetah, chetah, Acinonyx jubatus",0.0538223125040531,"fire screen, fireguard",0.2622812688350677,window screen,0.1966385841369629,"prayer rug, prayer mat",0.2800006866455078,"prayer rug, prayer mat",0.21824412047863,window screen,0.1680625677108764,"prayer rug, prayer mat",0.2278614789247512,"prayer rug, prayer mat",0.1449348330497741
69.jpg,zebra,0.4007999002933502,zebra,0.2182690799236297,warthog,0.1228166595101356,"impala, Aepyceros melampus",0.0430733487010002,"hyena, hyaena",0.0231309924274683,"doormat, welcome mat",0.0386044904589653,"doormat, welcome mat",0.0518466457724571,"doormat, welcome mat",0.0368992462754249,"handkerchief, hankie, hanky, hankey",0.025552749633789,"dishrag, dishcloth",0.0464152656495571,"dishrag, dishcloth",0.0307926181703805
96.jpg,zebra,0.9659961462020874,zebra,0.9791265726089478,zebra,0.9713841080665588,zebra,0.9659976959228516,zebra,0.986814022064209,zebra,0.9712868332862854,zebra,0.9555412530899048,zebra,0.8921159505844116,zebra,0.2710306942462921,paper towel,0.0828433781862258,envelope,0.0124791339039802
82.jpg,zebra,0.8781774044036865,zebra,0.725215494632721,trilobite,0.0993520095944404,shower curtain,0.0699194520711898,stole,0.1262490451335907,window screen,0.1521693021059036,stole,0.1439886689186096,shower curtain,0.1820786148309707,window screen,0.2319012135267257,"prayer rug, prayer mat",0.1501868218183517,"prayer rug, prayer mat",0.2007962763309478
83.jpg,zebra,0.9521074295043944,zebra,0.306160569190979,"prayer rug, prayer mat",0.0677075237035751,window screen,0.2159207016229629,"handkerchief, hankie, hanky, hankey",0.1860370486974716,"prayer rug, prayer mat",0.2620653212070465,"prayer rug, prayer mat",0.2887453138828277,"prayer rug, prayer mat",0.2592498958110809,"prayer rug, prayer mat",0.273810863494873,"prayer rug, prayer mat",0.1606055498123169,window screen,0.1323356032371521
97.jpg,zebra,0.9407610297203064,zebra,0.9595125913619996,zebra,0.9632241129875184,zebra,0.9326999187469482,zebra,0.8907115459442139,zebra,0.8408050537109375,zebra,0.8363057374954224,zebra,0.4037641584873199,cardigan,0.046186089515686,"dishrag, dishcloth",0.0667989999055862,"dishrag, dishcloth",0.0415225662291049
68.jpg,zebra,0.7966185808181763,zebra,0.7859492897987366,zebra,0.7174561619758606,zebra,0.2783367037773132,zebra,0.0598407685756683,trilobite,0.1728831976652145,"chain mail, ring mail, mail, chain armor, chain armour, ring armor, ring armour",0.0866643711924552,"chain mail, ring mail, mail, chain armor, chain armour, ring armor, ring armour",0.1220791861414909,"handkerchief, hankie, hanky, hankey",0.0490862429141998,"dishrag, dishcloth",0.037291333079338,"dishrag, dishcloth",0.0567605942487716
40.jpg,zebra,0.9790531992912292,zebra,0.8947134613990784,zebra,0.5446032285690308,"prayer rug, prayer mat",0.1742249578237533,"prayer rug, prayer mat",0.1392760872840881,window screen,0.1324958652257919,window screen,0.2169888615608215,"prayer rug, prayer mat",0.1232141107320785,"prayer rug, prayer mat",0.1692045927047729,"prayer rug, prayer mat",0.2442771196365356,"prayer rug, prayer mat",0.2014374732971191
54.jpg,zebra,0.9601304531097412,zebra,0.6511738896369934,"fire screen, fireguard",0.0563192926347255,"fire screen, fireguard",0.231636568903923,window screen,0.1876760274171829,window screen,0.2189120501279831,"prayer rug, prayer mat",0.2860838770866394,"prayer rug, prayer mat",0.1725471913814544,"prayer rug, prayer mat",0.2746849954128265,"prayer rug, prayer mat",0.1813779175281524,"prayer rug, prayer mat",0.1751543134450912
6.jpg,zebra,0.96350359916687,zebra,0.8640459179878235,zebra,0.3929135799407959,cardigan,0.466539204120636,stole,0.455204963684082,"prayer rug, prayer mat",0.2370253354310989,"prayer rug, prayer mat",0.2097558230161667,"prayer rug, prayer mat",0.1923258453607559,"prayer rug, prayer mat",0.1649189293384552,"prayer rug, prayer mat",0.1259603500366211,"prayer rug, prayer mat",0.1543039828538894
78.jpg,zebra,0.9674152731895448,zebra,0.6499208807945251,zebra,0.1542126387357711,"prayer rug, prayer mat",0.1143681183457374,"dishrag, dishcloth",0.125329241156578,"dishrag, dishcloth",0.3050512969493866,window screen,0.2155404239892959,"prayer rug, prayer mat",0.1906458288431167,"prayer rug, prayer mat",0.1665982455015182,"prayer rug, prayer mat",0.1943519860506057,"prayer rug, prayer mat",0.1395844966173172
2.jpg,zebra,0.9341283440589904,zebra,0.8183774948120117,zebra,0.566523015499115,sea snake,0.061612818390131,window screen,0.1082460284233093,"prayer rug, prayer mat",0.1499878764152526,window screen,0.2768679857254028,"prayer rug, prayer mat",0.2860236167907715,"prayer rug, prayer mat",0.1475528478622436,"prayer rug, prayer mat",0.2325246036052703,window screen,0.113281138241291
50.jpg,zebra,0.9557722210884094,zebra,0.9713709354400636,zebra,0.4239113926887512,poncho,0.0703248232603073,"dishrag, dishcloth",0.1977017223834991,stole,0.3711884021759033,stole,0.2050910592079162,window screen,0.13381128013134,"prayer rug, prayer mat",0.114255391061306,"prayer rug, prayer mat",0.1373240053653717,"prayer rug, prayer mat",0.106923721730709
44.jpg,zebra,0.8856233954429626,zebra,0.84260493516922,"cheetah, chetah, Acinonyx jubatus",0.4090595245361328,"prayer rug, prayer mat",0.1728466898202896,window screen,0.2444998174905777,"prayer rug, prayer mat",0.3829597234725952,"prayer rug, prayer mat",0.2763634920120239,"prayer rug, prayer mat",0.2035659402608871,"prayer rug, prayer mat",0.2247558385133743,"prayer rug, prayer mat",0.2611601650714874,"prayer rug, prayer mat",0.182218387722969
93.jpg,zebra,0.950503945350647,zebra,0.9562629461288452,zebra,0.9639456868171692,zebra,0.9810969829559326,zebra,0.9633032083511353,zebra,0.7762366533279419,zebra,0.1725852489471435,mitten,0.1144930347800254,mitten,0.0605588071048259,poncho,0.0393741875886917,"doormat, welcome mat",0.0508084967732429
87.jpg,zebra,0.9584097862243652,zebra,0.459686279296875,brain coral,0.2369739562273025,velvet,0.2583235502243042,velvet,0.1040982753038406,stole,0.1440291404724121,window screen,0.1540835201740265,stole,0.1209449619054794,"prayer rug, prayer mat",0.1516025364398956,"prayer rug, prayer mat",0.1769465655088424,"prayer rug, prayer mat",0.2047011256217956
86.jpg,zebra,0.970179319381714,zebra,0.7373012900352478,zebra,0.8037303686141968,zebra,0.10942392796278,velvet,0.0901097655296325,stole,0.106846272945404,window screen,0.107924997806549,window screen,0.1124238818883895,window screen,0.2028845250606537,"prayer rug, prayer mat",0.1266989260911941,"prayer rug, prayer mat",0.1226364821195602
92.jpg,zebra,0.9623206853866576,zebra,0.963712751865387,zebra,0.9260977506637572,zebra,0.314391165971756,"chain mail, ring mail, mail, chain armor, chain armour, ring armor, ring armour",0.1450178474187851,window screen,0.1859465986490249,"prayer rug, prayer mat",0.1970796138048172,"prayer rug, prayer mat",0.1407914161682129,"prayer rug, prayer mat",0.3148743212223053,"prayer rug, prayer mat",0.2168976366519928,window screen,0.1744457632303238
45.jpg,zebra,0.9373316168785096,zebra,0.9547311663627625,zebra,0.9350262880325316,zebra,0.9743251204490662,zebra,0.969050943851471,zebra,0.921453058719635,zebra,0.1967187374830246,window screen,0.0571776889264583,"jean, blue jean, denim",0.0605829432606697,"dishrag, dishcloth",0.0409501977264881,"dishrag, dishcloth",0.0424101613461971
3.jpg,zebra,0.9772871732711792,zebra,0.854636549949646,"maze, labyrinth",0.4744667410850525,velvet,0.3159064948558807,velvet,0.2080646306276321,velvet,0.1578880995512008,velvet,0.141118437051773,"handkerchief, hankie, hanky, hankey",0.128501147031784,window screen,0.0993615165352821,"prayer rug, prayer mat",0.133137822151184,"prayer rug, prayer mat",0.1594899892807006
51.jpg,zebra,0.9425965547561646,zebra,0.7125756740570068,armadillo,0.4314662516117096,"prayer rug, prayer mat",0.5003502368927002,"prayer rug, prayer mat",0.5345165729522705,"prayer rug, prayer mat",0.472238153219223,"prayer rug, prayer mat",0.327580064535141,"prayer rug, prayer mat",0.2896023690700531,"prayer rug, prayer mat",0.3743749260902405,"prayer rug, prayer mat",0.1530882120132446,"prayer rug, prayer mat",0.1861590445041656
79.jpg,zebra,0.9468597173690796,zebra,0.7135134935379028,zebra,0.1348132938146591,stole,0.1207610592246055,"prayer rug, prayer mat",0.2712766528129577,window screen,0.2581306993961334,"prayer rug, prayer mat",0.154228076338768,"prayer rug, prayer mat",0.2277421951293945,"prayer rug, prayer mat",0.1562998443841934,"prayer rug, prayer mat",0.1469975113868713,"prayer rug, prayer mat",0.1700394451618194
47.jpg,zebra,0.942490577697754,zebra,0.9800399541854858,zebra,0.9821500182151794,zebra,0.9060158729553224,zebra,0.6747942566871643,"swab, swob, mop",0.0926895290613174,"leatherback turtle, leatherback, leathery turtle, Dermochelys coriacea",0.0573061816394329,stingray,0.0456182770431041,stingray,0.0322250425815582,"doormat, welcome mat",0.0788873359560966,"doormat, welcome mat",0.0474484674632549
53.jpg,zebra,0.9897332787513732,zebra,0.7445838451385498,zebra,0.1142922416329383,pillow,0.0465213023126125,window screen,0.10857804864645,window screen,0.3564558029174804,window screen,0.5615111589431763,window screen,0.1811389178037643,"prayer rug, prayer mat",0.2366132736206054,"prayer rug, prayer mat",0.1742201596498489,"prayer rug, prayer mat",0.2236638218164444
1.jpg,zebra,0.9651283621788024,zebra,0.8571650385856628,zebra,0.704995334148407,stole,0.1135926619172096,"prayer rug, prayer mat",0.27418252825737,"dishrag, dishcloth",0.1643117815256118,"prayer rug, prayer mat",0.1727875024080276,window screen,0.2465328276157379,"prayer rug, prayer mat",0.1560686826705932,"prayer rug, prayer mat",0.1879051625728607,"prayer rug, prayer mat",0.2382952868938446
84.jpg,zebra,0.9703794121742249,zebra,0.8995653390884399,lionfish,0.140313059091568,lionfish,0.2519174814224243,stole,0.1180911660194397,window screen,0.2382538169622421,"prayer rug, prayer mat",0.2122125178575515,"prayer rug, prayer mat",0.2105726301670074,"prayer rug, prayer mat",0.192891389131546,"prayer rug, prayer mat",0.1071194484829902,"prayer rug, prayer mat",0.230433315038681
90.jpg,zebra,0.9136800765991212,zebra,0.9190995693206788,zebra,0.7943298816680908,zebra,0.1477236896753311,window screen,0.0889832675457,window screen,0.2010942846536636,window screen,0.2588353455066681,"prayer rug, prayer mat",0.1587102562189102,"prayer rug, prayer mat",0.2139602303504943,"prayer rug, prayer mat",0.1450897008180618,"prayer rug, prayer mat",0.1940318048000335
91.jpg,zebra,0.9967959523200988,zebra,0.977465271949768,zebra,0.5926488041877747,"prayer rug, prayer mat",0.3889212906360626,stole,0.1645130962133407,shower curtain,0.1849149912595749,"prayer rug, prayer mat",0.220123216509819,"prayer rug, prayer mat",0.2568389475345611,"prayer rug, prayer mat",0.2022607624530792,"prayer rug, prayer mat",0.2222882211208343,"prayer rug, prayer mat",0.1413235515356063
85.jpg,zebra,0.8981329202651978,zebra,0.7547708749771118,"spiny lobster, langouste, rock lobster, crawfish, crayfish, sea crawfish",0.3836831450462341,window screen,0.232996255159378,"prayer rug, prayer mat",0.2160971611738205,window screen,0.3412287831306457,"prayer rug, prayer mat",0.2549822926521301,window screen,0.1940164566040039,"prayer rug, prayer mat",0.1445209830999374,"prayer rug, prayer mat",0.1857888996601104,"prayer rug, prayer mat",0.2184526026248932
52.jpg,zebra,0.9812988638877868,zebra,0.4078315496444702,zebra,0.1369294822216034,stole,0.4987563490867615,stole,0.4368340969085693,stole,0.3374625444412231,stole,0.1994785368442535,"prayer rug, prayer mat",0.2017541974782943,"prayer rug, prayer mat",0.1256687939167022,"prayer rug, prayer mat",0.2136011123657226,"prayer rug, prayer mat",0.1396544426679611
0.jpg,zebra,0.9089927673339844,zebra,0.9879307746887208,zebra,0.6756953597068787,jellyfish,0.2065605521202087,window screen,0.071838691830635,window screen,0.4801120460033417,stole,0.1591434776782989,window screen,0.1478400975465774,"prayer rug, prayer mat",0.1140118166804313,"prayer rug, prayer mat",0.3034992218017578,"prayer rug, prayer mat",0.1965218931436538
46.jpg,zebra,0.9561089277267456,zebra,0.3718413710594177,zebra,0.2668012380599975,trilobite,0.082257367670536,window screen,0.0941636562347412,window screen,0.2634065449237823,window screen,0.2276217937469482,"prayer rug, prayer mat",0.1644771695137024,"prayer rug, prayer mat",0.2125387489795684,"prayer rug, prayer mat",0.1658062785863876,"prayer rug, prayer mat",0.1410402506589889
